dataset_id,unit_id,cycle,Predicted_RUL,Maintenance_Status
FD001,1,31,124.09863,Healthy
FD001,2,49,120.50724,Healthy
FD001,3,126,64.40311,Healthy
FD001,4,106,82.38948,Healthy
FD001,5,98,95.611244,Healthy
FD001,6,105,91.37149,Healthy
FD001,7,160,96.083595,Healthy
FD001,8,166,78.00956,Healthy
FD001,9,55,117.31826,Healthy
FD001,10,192,102.96018,Healthy
FD001,11,83,77.752144,Healthy
FD001,12,217,100.807396,Healthy
FD001,13,195,92.44687,Healthy
FD001,14,46,118.52006,Healthy
FD001,15,76,117.36672,Healthy
FD001,16,113,104.73524,Healthy
FD001,17,165,48.09291,Warning
FD001,18,133,58.8872,Warning
FD001,19,135,99.71285,Healthy
FD001,20,184,15.8971615,Critical
FD001,21,148,70.75503,Healthy
FD001,22,39,123.3265,Healthy
FD001,23,130,111.58649,Healthy
FD001,24,186,20.461535,Critical
FD001,25,48,122.58626,Healthy
FD001,26,76,109.201744,Healthy
FD001,27,140,102.630424,Healthy
FD001,28,158,83.845856,Healthy
FD001,29,171,97.29673,Healthy
FD001,30,143,80.475044,Healthy
FD001,31,196,19.842602,Critical
FD001,32,145,48.617897,Warning
FD001,33,50,119.22802,Healthy
FD001,34,203,6.90029,Critical
FD001,35,198,6.8055463,Critical
FD001,36,126,16.352898,Critical
FD001,37,121,60.238743,Healthy
FD001,38,125,40.567497,Warning
FD001,39,37,123.23414,Healthy
FD001,40,133,24.854403,Critical
FD001,41,123,51.15679,Warning
FD001,42,156,24.676481,Critical
FD001,43,172,70.505516,Healthy
FD001,44,54,119.6265,Healthy
FD001,45,152,73.865875,Healthy
FD001,46,146,43.540424,Warning
FD001,47,73,103.84936,Healthy
FD001,48,78,105.817856,Healthy
FD001,49,303,24.440899,Critical
FD001,50,74,105.03423,Healthy
FD001,51,144,94.52162,Healthy
FD001,52,189,30.996012,Warning
FD001,53,164,30.559443,Warning
FD001,54,121,114.87814,Healthy
FD001,55,113,101.00683,Healthy
FD001,56,136,12.317886,Critical
FD001,57,160,67.42135,Healthy
FD001,58,176,46.361034,Warning
FD001,59,94,113.48028,Healthy
FD001,60,147,88.911865,Healthy
FD001,61,159,44.006165,Warning
FD001,62,232,53.582348,Warning
FD001,63,155,69.95803,Healthy
FD001,64,168,47.320866,Warning
FD001,65,71,121.13918,Healthy
FD001,66,147,10.89468,Critical
FD001,67,71,115.84511,Healthy
FD001,68,187,13.602577,Critical
FD001,69,54,119.952614,Healthy
FD001,70,152,75.855255,Healthy
FD001,71,68,114.24514,Healthy
FD001,72,131,66.328926,Healthy
FD001,73,112,107.98237,Healthy
FD001,74,137,88.31318,Healthy
FD001,75,88,105.67344,Healthy
FD001,76,205,8.007764,Critical
FD001,77,162,42.717648,Warning
FD001,78,72,122.65303,Healthy
FD001,79,101,94.1916,Healthy
FD001,80,133,73.87077,Healthy
FD001,81,213,4.2162523,Critical
FD001,82,162,7.29026,Critical
FD001,83,73,111.775116,Healthy
FD001,84,172,53.915867,Warning
FD001,85,34,122.91362,Healthy
FD001,86,110,76.302,Healthy
FD001,87,56,119.790405,Healthy
FD001,88,68,107.785545,Healthy
FD001,89,177,92.73272,Healthy
FD001,90,146,22.597494,Critical
FD001,91,234,22.192583,Critical
FD001,92,150,19.919275,Critical
FD001,93,244,51.986866,Warning
FD001,94,133,57.850754,Warning
FD001,95,89,105.695045,Healthy
FD001,96,97,110.56351,Healthy
FD001,97,134,78.0153,Healthy
FD001,98,121,72.71044,Healthy
FD001,99,97,115.03604,Healthy
FD001,100,198,20.569597,Critical
FD002,1,258,18.615898,Critical
FD002,2,55,117.20799,Healthy
FD002,3,165,99.593796,Healthy
FD002,4,86,101.70555,Healthy
FD002,5,148,19.261766,Critical
FD002,6,63,120.002716,Healthy
FD002,7,184,26.655392,Critical
FD002,8,173,60.54865,Healthy
FD002,9,161,11.379807,Critical
FD002,10,84,109.88791,Healthy
FD002,11,162,9.559126,Critical
FD002,12,74,110.80456,Healthy
FD002,13,164,56.651672,Warning
FD002,14,160,8.580039,Critical
FD002,15,165,32.960926,Warning
FD002,16,88,96.470566,Healthy
FD002,17,264,94.36994,Healthy
FD002,18,40,122.929276,Healthy
FD002,19,172,22.498175,Critical
FD002,20,101,90.20171,Healthy
FD002,21,128,70.79458,Healthy
FD002,22,159,5.8250203,Critical
FD002,23,49,120.22557,Healthy
FD002,24,210,78.12564,Healthy
FD002,25,147,90.6925,Healthy
FD002,26,76,113.55111,Healthy
FD002,27,68,119.43157,Healthy
FD002,28,23,122.91632,Healthy
FD002,29,101,93.966835,Healthy
FD002,30,184,69.29733,Healthy
FD002,31,123,110.12482,Healthy
FD002,32,170,18.791155,Critical
FD002,33,135,52.58939,Warning
FD002,34,52,122.650566,Healthy
FD002,35,77,94.006485,Healthy
FD002,36,163,83.76617,Healthy
FD002,37,49,121.76511,Healthy
FD002,38,127,66.46928,Healthy
FD002,39,149,43.892815,Warning
FD002,40,183,31.417593,Warning
FD002,41,210,44.205273,Warning
FD002,42,137,60.743427,Healthy
FD002,43,184,27.883549,Critical
FD002,44,164,5.978053,Critical
FD002,45,195,8.596715,Critical
FD002,46,132,102.50872,Healthy
FD002,47,81,110.28069,Healthy
FD002,48,132,23.389002,Critical
FD002,49,65,116.43518,Healthy
FD002,50,164,7.4814444,Critical
FD002,51,37,124.93828,Healthy
FD002,52,165,35.41985,Warning
FD002,53,149,47.86602,Warning
FD002,54,74,113.19147,Healthy
FD002,55,123,89.09394,Healthy
FD002,56,73,119.687645,Healthy
FD002,57,76,114.93047,Healthy
FD002,58,247,18.820427,Critical
FD002,59,22,125.151764,Healthy
FD002,60,144,82.76027,Healthy
FD002,61,70,115.14229,Healthy
FD002,62,205,48.452515,Warning
FD002,63,174,62.00686,Healthy
FD002,64,233,22.587254,Critical
FD002,65,367,14.317031,Critical
FD002,66,63,118.46588,Healthy
FD002,67,146,84.2856,Healthy
FD002,68,218,39.20062,Warning
FD002,69,158,93.36027,Healthy
FD002,70,264,15.457298,Critical
FD002,71,65,119.84394,Healthy
FD002,72,143,85.68594,Healthy
FD002,73,151,65.524025,Healthy
FD002,74,103,101.717995,Healthy
FD002,75,192,67.16525,Healthy
FD002,76,222,30.67046,Warning
FD002,77,67,114.12079,Healthy
FD002,78,128,53.636265,Warning
FD002,79,113,90.531044,Healthy
FD002,80,278,22.841343,Critical
FD002,81,76,111.9293,Healthy
FD002,82,96,88.768715,Healthy
FD002,83,21,124.14256,Healthy
FD002,84,204,12.341521,Critical
FD002,85,183,50.707024,Warning
FD002,86,83,107.19715,Healthy
FD002,87,131,24.1522,Critical
FD002,88,166,78.06962,Healthy
FD002,89,59,116.40122,Healthy
FD002,90,163,3.0874074,Critical
FD002,91,278,5.519343,Critical
FD002,92,123,88.83519,Healthy
FD002,93,76,109.781395,Healthy
FD002,94,117,78.21528,Healthy
FD002,95,78,106.80419,Healthy
FD002,96,140,40.477055,Warning
FD002,97,213,16.999777,Critical
FD002,98,113,74.760475,Healthy
FD002,99,163,26.441286,Critical
FD002,100,149,16.31003,Critical
FD002,101,38,124.19009,Healthy
FD002,102,122,6.0062385,Critical
FD002,103,186,16.659542,Critical
FD002,104,141,81.546906,Healthy
FD002,105,61,119.79958,Healthy
FD002,106,72,115.182304,Healthy
FD002,107,132,64.29084,Healthy
FD002,108,174,100.58988,Healthy
FD002,109,144,40.742237,Warning
FD002,110,219,82.49578,Healthy
FD002,111,131,26.480318,Critical
FD002,112,109,80.48562,Healthy
FD002,113,45,123.67579,Healthy
FD002,114,153,75.298615,Healthy
FD002,115,210,42.280052,Warning
FD002,116,171,10.736281,Critical
FD002,117,55,119.5365,Healthy
FD002,118,97,107.769684,Healthy
FD002,119,202,83.95442,Healthy
FD002,120,160,23.464672,Critical
FD002,121,59,118.28891,Healthy
FD002,122,29,124.45846,Healthy
FD002,123,61,119.23356,Healthy
FD002,124,149,5.831927,Critical
FD002,125,79,112.911,Healthy
FD002,126,99,109.24406,Healthy
FD002,127,126,74.43392,Healthy
FD002,128,110,100.69594,Healthy
FD002,129,218,94.694855,Healthy
FD002,130,141,79.99583,Healthy
FD002,131,73,116.62706,Healthy
FD002,132,122,59.843033,Warning
FD002,133,186,44.0551,Warning
FD002,134,186,5.567692,Critical
FD002,135,120,114.48292,Healthy
FD002,136,77,106.50941,Healthy
FD002,137,226,78.099075,Healthy
FD002,138,200,0.9175945,Critical
FD002,139,116,65.98684,Healthy
FD002,140,306,41.12807,Warning
FD002,141,69,116.01331,Healthy
FD002,142,163,28.57639,Critical
FD002,143,226,88.19807,Healthy
FD002,144,143,65.25577,Healthy
FD002,145,142,107.060524,Healthy
FD002,146,144,17.627829,Critical
FD002,147,78,105.93319,Healthy
FD002,148,157,9.287163,Critical
FD002,149,70,116.37355,Healthy
FD002,150,196,46.218655,Warning
FD002,151,141,98.23639,Healthy
FD002,152,90,107.74211,Healthy
FD002,153,146,84.93164,Healthy
FD002,154,58,118.12566,Healthy
FD002,155,72,117.090836,Healthy
FD002,156,75,114.27458,Healthy
FD002,157,161,110.93604,Healthy
FD002,158,171,12.174799,Critical
FD002,159,187,6.613726,Critical
FD002,160,124,50.865486,Warning
FD002,161,174,15.449861,Critical
FD002,162,185,58.616993,Warning
FD002,163,144,78.16657,Healthy
FD002,164,199,10.053793,Critical
FD002,165,35,123.17075,Healthy
FD002,166,97,98.11806,Healthy
FD002,167,78,112.84963,Healthy
FD002,168,107,95.81184,Healthy
FD002,169,80,105.04578,Healthy
FD002,170,85,109.036255,Healthy
FD002,171,243,24.224733,Critical
FD002,172,128,95.6711,Healthy
FD002,173,117,13.772609,Critical
FD002,174,51,120.6246,Healthy
FD002,175,83,112.13756,Healthy
FD002,176,200,34.070065,Warning
FD002,177,191,9.17826,Critical
FD002,178,54,119.69176,Healthy
FD002,179,156,42.292645,Warning
FD002,180,154,96.29231,Healthy
FD002,181,199,45.318287,Warning
FD002,182,134,25.085655,Critical
FD002,183,150,63.785892,Healthy
FD002,184,64,120.95461,Healthy
FD002,185,254,12.868544,Critical
FD002,186,166,20.559416,Critical
FD002,187,84,115.56815,Healthy
FD002,188,86,106.36579,Healthy
FD002,189,178,50.981567,Warning
FD002,190,158,10.81133,Critical
FD002,191,95,97.843544,Healthy
FD002,192,161,14.144466,Critical
FD002,193,245,28.982956,Critical
FD002,194,50,118.78276,Healthy
FD002,195,262,55.931206,Warning
FD002,196,109,108.236015,Healthy
FD002,197,59,121.143814,Healthy
FD002,198,120,66.361946,Healthy
FD002,199,117,117.21951,Healthy
FD002,200,60,114.21775,Healthy
FD002,201,25,123.91665,Healthy
FD002,202,124,102.00989,Healthy
FD002,203,115,112.21925,Healthy
FD002,204,41,122.85591,Healthy
FD002,205,31,118.839066,Healthy
FD002,206,162,52.27356,Warning
FD002,207,141,67.281715,Healthy
FD002,208,166,25.25484,Critical
FD002,209,131,70.2138,Healthy
FD002,210,182,5.434352,Critical
FD002,211,155,1.3144838,Critical
FD002,212,187,98.369705,Healthy
FD002,213,159,70.3019,Healthy
FD002,214,75,114.203804,Healthy
FD002,215,71,109.99499,Healthy
FD002,216,100,86.99096,Healthy
FD002,217,49,121.754745,Healthy
FD002,218,33,125.16699,Healthy
FD002,219,161,84.80776,Healthy
FD002,220,54,119.96045,Healthy
FD002,221,55,117.51971,Healthy
FD002,222,180,66.25198,Healthy
FD002,223,29,124.80598,Healthy
FD002,224,43,124.05279,Healthy
FD002,225,166,6.50315,Critical
FD002,226,165,80.089775,Healthy
FD002,227,180,6.227815,Critical
FD002,228,44,119.209305,Healthy
FD002,229,109,79.69181,Healthy
FD002,230,125,104.148445,Healthy
FD002,231,187,7.2005506,Critical
FD002,232,159,65.66368,Healthy
FD002,233,40,124.59518,Healthy
FD002,234,147,93.513794,Healthy
FD002,235,102,105.18947,Healthy
FD002,236,274,15.108726,Critical
FD002,237,235,37.871914,Warning
FD002,238,94,112.91032,Healthy
FD002,239,106,96.95472,Healthy
FD002,240,50,120.9846,Healthy
FD002,241,44,124.30086,Healthy
FD002,242,194,20.116762,Critical
FD002,243,40,121.120705,Healthy
FD002,244,49,121.32223,Healthy
FD002,245,265,12.030706,Critical
FD002,246,80,108.59196,Healthy
FD002,247,87,117.36462,Healthy
FD002,248,162,60.56535,Healthy
FD002,249,36,123.699005,Healthy
FD002,250,234,17.224957,Critical
FD002,251,64,116.629845,Healthy
FD002,252,249,11.572906,Critical
FD002,253,139,51.6353,Warning
FD002,254,131,53.94459,Warning
FD002,255,150,107.62473,Healthy
FD002,256,59,114.84505,Healthy
FD002,257,199,52.187073,Warning
FD002,258,98,110.01472,Healthy
FD002,259,123,88.86874,Healthy
FD003,1,233,45.906143,Warning
FD003,2,124,61.115875,Healthy
FD003,3,234,31.392288,Warning
FD003,4,68,115.77178,Healthy
FD003,5,138,118.71289,Healthy
FD003,6,64,116.737015,Healthy
FD003,7,158,64.841805,Healthy
FD003,8,192,55.374542,Warning
FD003,9,238,86.70417,Healthy
FD003,10,131,90.93897,Healthy
FD003,11,103,68.11756,Healthy
FD003,12,146,83.982864,Healthy
FD003,13,65,109.27588,Healthy
FD003,14,169,39.79261,Warning
FD003,15,112,116.55343,Healthy
FD003,16,126,117.96752,Healthy
FD003,17,230,109.655266,Healthy
FD003,18,244,115.73929,Healthy
FD003,19,115,115.60792,Healthy
FD003,20,207,77.07229,Healthy
FD003,21,263,20.394852,Critical
FD003,22,119,114.95176,Healthy
FD003,23,405,77.45683,Healthy
FD003,24,475,8.012314,Critical
FD003,25,169,52.125347,Warning
FD003,26,130,18.212494,Critical
FD003,27,104,111.43724,Healthy
FD003,28,70,118.76838,Healthy
FD003,29,89,109.60172,Healthy
FD003,30,333,99.55104,Healthy
FD003,31,152,77.1086,Healthy
FD003,32,120,36.117214,Warning
FD003,33,180,87.56411,Healthy
FD003,34,105,80.459595,Healthy
FD003,35,144,97.83522,Healthy
FD003,36,90,119.77832,Healthy
FD003,37,47,122.83819,Healthy
FD003,38,133,42.390633,Warning
FD003,39,310,16.23526,Critical
FD003,40,313,49.3184,Warning
FD003,41,101,122.763916,Healthy
FD003,42,87,94.977104,Healthy
FD003,43,133,114.97103,Healthy
FD003,44,146,57.04911,Warning
FD003,45,88,117.05947,Healthy
FD003,46,180,5.05913,Critical
FD003,47,56,120.71575,Healthy
FD003,48,179,59.02913,Warning
FD003,49,211,122.9492,Healthy
FD003,50,147,13.761318,Critical
FD003,51,118,82.88025,Healthy
FD003,52,38,124.797134,Healthy
FD003,53,108,95.24304,Healthy
FD003,54,50,122.02226,Healthy
FD003,55,203,48.47898,Warning
FD003,56,162,82.240585,Healthy
FD003,57,158,83.88376,Healthy
FD003,58,119,86.15191,Healthy
FD003,59,149,40.59106,Warning
FD003,60,112,98.49228,Healthy
FD003,61,78,122.99306,Healthy
FD003,62,224,86.46609,Healthy
FD003,63,137,110.491325,Healthy
FD003,64,271,37.516014,Warning
FD003,65,79,121.20076,Healthy
FD003,66,122,74.29451,Healthy
FD003,67,186,89.76648,Healthy
FD003,68,188,118.03439,Healthy
FD003,69,105,116.119255,Healthy
FD003,70,84,104.86134,Healthy
FD003,71,367,37.049473,Warning
FD003,72,232,57.278416,Warning
FD003,73,109,110.59365,Healthy
FD003,74,68,124.25326,Healthy
FD003,75,191,53.504574,Warning
FD003,76,180,48.487724,Warning
FD003,77,381,89.78176,Healthy
FD003,78,279,27.279354,Critical
FD003,79,170,22.349237,Critical
FD003,80,85,120.375626,Healthy
FD003,81,155,17.709528,Critical
FD003,82,194,3.4174674,Critical
FD003,83,168,88.86366,Healthy
FD003,84,76,113.85003,Healthy
FD003,85,118,80.814095,Healthy
FD003,86,174,21.895332,Critical
FD003,87,218,87.08067,Healthy
FD003,88,41,124.078445,Healthy
FD003,89,120,79.91389,Healthy
FD003,90,206,52.399,Warning
FD003,91,56,115.11639,Healthy
FD003,92,266,14.632212,Critical
FD003,93,158,104.50522,Healthy
FD003,94,333,7.040565,Critical
FD003,95,213,105.528854,Healthy
FD003,96,358,97.50738,Healthy
FD003,97,95,119.53909,Healthy
FD003,98,182,15.498659,Critical
FD003,99,289,7.7604213,Critical
FD003,100,247,26.294416,Critical
FD004,1,230,46.41723,Warning
FD004,2,153,62.242012,Healthy
FD004,3,141,98.901566,Healthy
FD004,4,208,111.51985,Healthy
FD004,5,51,116.901054,Healthy
FD004,6,146,110.174866,Healthy
FD004,7,54,117.69644,Healthy
FD004,8,248,12.105215,Critical
FD004,9,284,100.62397,Healthy
FD004,10,23,124.28243,Healthy
FD004,11,82,116.80666,Healthy
FD004,12,270,10.0837345,Critical
FD004,13,227,71.776085,Healthy
FD004,14,102,100.22372,Healthy
FD004,15,168,20.205965,Critical
FD004,16,240,114.5819,Healthy
FD004,17,334,92.080666,Healthy
FD004,18,247,96.851265,Healthy
FD004,19,24,125.865395,Healthy
FD004,20,115,87.14895,Healthy
FD004,21,202,110.62881,Healthy
FD004,22,158,7.759392,Critical
FD004,23,162,61.9596,Healthy
FD004,24,174,100.16889,Healthy
FD004,25,486,41.33718,Warning
FD004,26,90,99.523834,Healthy
FD004,27,144,80.01474,Healthy
FD004,28,20,124.876564,Healthy
FD004,29,216,99.91406,Healthy
FD004,30,229,114.473366,Healthy
FD004,31,134,17.558855,Critical
FD004,32,260,20.991463,Critical
FD004,33,107,120.16399,Healthy
FD004,34,361,115.4977,Healthy
FD004,35,278,31.332197,Warning
FD004,36,159,84.38096,Healthy
FD004,37,345,62.579094,Healthy
FD004,38,125,17.133797,Critical
FD004,39,214,96.42279,Healthy
FD004,40,266,14.351319,Critical
FD004,41,414,107.08326,Healthy
FD004,42,200,18.675737,Critical
FD004,43,120,83.65189,Healthy
FD004,44,406,47.45285,Warning
FD004,45,78,103.257126,Healthy
FD004,46,37,123.33152,Healthy
FD004,47,224,29.031588,Critical
FD004,48,214,68.878716,Healthy
FD004,49,273,28.947765,Critical
FD004,50,206,110.31294,Healthy
FD004,51,137,118.981544,Healthy
FD004,52,58,122.156204,Healthy
FD004,53,67,118.66419,Healthy
FD004,54,81,102.87411,Healthy
FD004,55,103,111.46624,Healthy
FD004,56,180,109.86327,Healthy
FD004,57,121,117.64901,Healthy
FD004,58,185,15.578091,Critical
FD004,59,37,124.006516,Healthy
FD004,60,135,93.37224,Healthy
FD004,61,396,37.685688,Warning
FD004,62,240,51.070774,Warning
FD004,63,158,108.56897,Healthy
FD004,64,251,54.16152,Warning
FD004,65,186,21.103567,Critical
FD004,66,97,94.26504,Healthy
FD004,67,150,62.889538,Healthy
FD004,68,241,43.227787,Warning
FD004,69,162,16.296623,Critical
FD004,70,190,35.56352,Warning
FD004,71,292,29.67565,Critical
FD004,72,118,118.41449,Healthy
FD004,73,149,35.626865,Warning
FD004,74,223,116.24577,Healthy
FD004,75,203,109.549225,Healthy
FD004,76,48,124.028786,Healthy
FD004,77,108,65.197235,Healthy
FD004,78,106,95.363235,Healthy
FD004,79,184,106.51593,Healthy
FD004,80,112,97.750694,Healthy
FD004,81,60,120.24862,Healthy
FD004,82,146,26.93512,Critical
FD004,83,274,97.79458,Healthy
FD004,84,88,115.15533,Healthy
FD004,85,174,115.003525,Healthy
FD004,86,254,49.7474,Warning
FD004,87,167,107.83032,Healthy
FD004,88,140,91.71419,Healthy
FD004,89,285,87.14008,Healthy
FD004,90,118,70.613716,Healthy
FD004,91,144,52.9224,Warning
FD004,92,116,104.878716,Healthy
FD004,93,200,114.59677,Healthy
FD004,94,105,111.263725,Healthy
FD004,95,110,99.07315,Healthy
FD004,96,123,86.67322,Healthy
FD004,97,51,114.7738,Healthy
FD004,98,82,116.24351,Healthy
FD004,99,237,62.675217,Healthy
FD004,100,196,14.908173,Critical
FD004,101,166,19.060171,Critical
FD004,102,443,17.95865,Critical
FD004,103,145,4.5812244,Critical
FD004,104,65,121.77471,Healthy
FD004,105,351,64.970314,Healthy
FD004,106,148,56.22135,Warning
FD004,107,121,83.82256,Healthy
FD004,108,145,108.04198,Healthy
FD004,109,66,124.55805,Healthy
FD004,110,348,79.8654,Healthy
FD004,111,342,24.128239,Critical
FD004,112,88,97.41884,Healthy
FD004,113,132,13.271785,Critical
FD004,114,218,21.626553,Critical
FD004,115,82,108.89368,Healthy
FD004,116,161,12.882195,Critical
FD004,117,97,107.86132,Healthy
FD004,118,178,16.679241,Critical
FD004,119,228,67.56215,Healthy
FD004,120,170,78.626915,Healthy
FD004,121,194,25.631952,Critical
FD004,122,117,114.13223,Healthy
FD004,123,236,33.29943,Warning
FD004,124,230,78.534164,Healthy
FD004,125,21,125.24711,Healthy
FD004,126,220,17.487686,Critical
FD004,127,98,120.81462,Healthy
FD004,128,139,97.68496,Healthy
FD004,129,315,113.39268,Healthy
FD004,130,107,100.97405,Healthy
FD004,131,193,87.08025,Healthy
FD004,132,115,93.423676,Healthy
FD004,133,74,121.47715,Healthy
FD004,134,266,50.57723,Warning
FD004,135,435,13.293669,Critical
FD004,136,56,117.03205,Healthy
FD004,137,291,105.35837,Healthy
FD004,138,239,89.53879,Healthy
FD004,139,88,117.08225,Healthy
FD004,140,160,91.96123,Healthy
FD004,141,19,125.47353,Healthy
FD004,142,69,121.310814,Healthy
FD004,143,327,43.392666,Warning
FD004,144,34,124.88457,Healthy
FD004,145,102,82.098366,Healthy
FD004,146,84,123.601204,Healthy
FD004,147,116,59.31787,Warning
FD004,148,126,105.20538,Healthy
FD004,149,320,84.495895,Healthy
FD004,150,202,43.40364,Warning
FD004,151,285,25.001469,Critical
FD004,152,195,84.40611,Healthy
FD004,153,130,91.975876,Healthy
FD004,154,122,39.99213,Warning
FD004,155,161,9.101653,Critical
FD004,156,28,124.32253,Healthy
FD004,157,138,118.81946,Healthy
FD004,158,171,12.325559,Critical
FD004,159,160,10.860725,Critical
FD004,160,122,111.24977,Healthy
FD004,161,257,108.17191,Healthy
FD004,162,99,94.57177,Healthy
FD004,163,122,95.30962,Healthy
FD004,164,29,125.69028,Healthy
FD004,165,178,116.06298,Healthy
FD004,166,63,119.93125,Healthy
FD004,167,99,110.77253,Healthy
FD004,168,74,112.04874,Healthy
FD004,169,34,124.53864,Healthy
FD004,170,48,122.86146,Healthy
FD004,171,355,90.33348,Healthy
FD004,172,132,31.70622,Warning
FD004,173,151,5.7496705,Critical
FD004,174,135,17.414288,Critical
FD004,175,116,75.40052,Healthy
FD004,176,185,92.08313,Healthy
FD004,177,146,18.28886,Critical
FD004,178,279,114.010895,Healthy
FD004,179,262,12.723906,Critical
FD004,180,367,24.003923,Critical
FD004,181,199,23.732382,Critical
FD004,182,98,114.119484,Healthy
FD004,183,125,9.325063,Critical
FD004,184,154,18.388742,Critical
FD004,185,203,63.123775,Healthy
FD004,186,47,121.52373,Healthy
FD004,187,121,44.42616,Warning
FD004,188,157,94.19444,Healthy
FD004,189,107,113.16939,Healthy
FD004,190,200,71.25912,Healthy
FD004,191,71,121.33662,Healthy
FD004,192,203,79.43775,Healthy
FD004,193,263,95.86962,Healthy
FD004,194,214,25.90305,Critical
FD004,195,186,118.9161,Healthy
FD004,196,70,117.24121,Healthy
FD004,197,196,47.178097,Warning
FD004,198,115,21.71501,Critical
FD004,199,177,58.781567,Warning
FD004,200,115,82.08373,Healthy
FD004,201,139,100.35569,Healthy
FD004,202,222,13.212222,Critical
FD004,203,87,121.86171,Healthy
FD004,204,19,122.32172,Healthy
FD004,205,95,91.80766,Healthy
FD004,206,291,89.46827,Healthy
FD004,207,179,101.50818,Healthy
FD004,208,180,71.33697,Healthy
FD004,209,171,16.03189,Critical
FD004,210,135,93.77549,Healthy
FD004,211,206,120.65674,Healthy
FD004,212,261,85.18722,Healthy
FD004,213,288,20.494759,Critical
FD004,214,102,90.33416,Healthy
FD004,215,72,117.56262,Healthy
FD004,216,264,16.651049,Critical
FD004,217,141,55.82698,Warning
FD004,218,63,118.560295,Healthy
FD004,219,110,54.59478,Warning
FD004,220,65,117.77129,Healthy
FD004,221,176,99.73884,Healthy
FD004,222,178,61.76364,Healthy
FD004,223,305,49.216263,Warning
FD004,224,152,14.996641,Critical
FD004,225,39,122.5662,Healthy
FD004,226,59,117.5762,Healthy
FD004,227,62,122.34964,Healthy
FD004,228,126,119.1877,Healthy
FD004,229,20,125.496475,Healthy
FD004,230,157,110.0328,Healthy
FD004,231,230,33.67212,Warning
FD004,232,370,115.72551,Healthy
FD004,233,111,97.039,Healthy
FD004,234,179,52.62606,Warning
FD004,235,362,47.1633,Warning
FD004,236,176,93.26849,Healthy
FD004,237,221,22.089184,Critical
FD004,238,177,20.225586,Critical
FD004,239,28,125.38787,Healthy
FD004,240,204,32.09494,Warning
FD004,241,42,122.36372,Healthy
FD004,242,112,98.97845,Healthy
FD004,243,199,118.29756,Healthy
FD004,244,184,43.252037,Warning
FD004,245,63,121.652306,Healthy
FD004,246,29,126.04159,Healthy
FD004,247,94,90.0118,Healthy
FD004,248,281,28.932817,Critical
